experiment,row,pretrained_l1,finetuned_l1,pretrained_tail,finetuned_tail
student_t,1.0,7.13412167135902,1.0815889971540247,4.237741957662112,0.0627747285611574
student_t,1.2,1.6495743028854992,0.3024373932266407,2.059124760794184,0.032371147583912
student_t,1.5,0.3813567428514779,0.018394114845022534,0.9812162480965,0.017042466830806725
student_t,1.8,0.10595958568581822,0.0184205505748046,0.05996161839910848,0.03026049401608304
neal_funnel,x_1,0.016404857123786608,0.010775980645504633,0.039412302882803354,0.04032738718843556
neal_funnel,x_2,0.10798661385288716,0.022791633557867882,0.07727528401690575,0.018784454543199037
neal_funnel,joint,0.10233177166742219,0.022940845059926843,0.07627738834507787,0.016585260634933062
ff25,joint,3.1335105724517036,0.4435075871000925,6.036909695682363,0.11153076964112332
ff25,0,0.9998444088863848,0.2055062901401205,2.4650261938364912,0.08550437008659043
ff25,1,0.6673223316440344,0.13269659049612162,4.200406909134321,0.09869437372463341
ff25,2,0.7110072305332377,0.1712148870755908,4.361066952608839,0.124989195414607
ff25,3,0.6454568173024824,0.0967192688963936,4.3210368338967715,0.06636893798746053
ff25,4,0.7006827925857231,0.18294684566615557,2.7320559030248064,0.12341291660226301
ff25,5,0.5486787767907747,0.16140809815695453,3.5258323244100644,0.10572017398716257
ff25,6,0.5619697639932351,0.14178893520500618,4.295470559787846,0.1358781600504337
ff25,7,0.5743118618468094,0.12109866375374072,5.878487141114567,0.12796868638075773
ff25,8,0.5519426059222982,0.0874366542009937,4.387138045077356,0.07764913998943743
ff25,9,0.7204606120119721,0.1476715857902097,4.383435908515606,0.09257249469975729
ff25,10,0.5077211522774026,0.14599460440847287,5.091928735802293,0.12320497230533116
ff25,11,0.4367921770875094,0.12221163466540283,4.13978932593673,0.13627393411285557
ff25,12,0.46927648581077824,0.11323945099593888,4.297072440163797,0.07843545332249072
ff25,13,0.5345433824226177,0.11508672524160381,4.203351958760584,0.08033682613070044
ff25,14,0.6749401708368633,0.15648388104677002,3.6283744048071505,0.10306544234692963
ff25,15,0.31044409392666994,0.10566852272088281,3.2017921529058206,0.12634256801371585
ff25,16,0.42727303628269064,0.07663177641981601,4.132634742905645,0.06658546974821145
ff25,17,0.4699644658228194,0.07872004154955395,4.158876270665418,0.09818636637615057
ff25,18,0.5109631674706407,0.13929368770632222,3.3068279215341683,0.15952912315150727
ff25,19,0.6343749963403211,0.17773791649998993,4.221224429807581,0.11949067658250363
ff25,20,0.2894598250685115,0.10967110780087935,3.8389883657690773,0.1698238329495611
ff25,21,0.3215663402506986,0.08327434652055418,3.9624890711396974,0.1320267960090888
ff25,22,0.35911840758793445,0.09283120070645064,3.304471632270949,0.1391535051558211
ff25,23,0.493409782550688,0.1060802397327246,3.4215160658948847,0.07906581044497718
ff25,24,0.6374787653746525,0.18669277970786144,3.4452520153190656,0.13946029566079615
streamflow,joint,2.9196395338188577,0.37285895234200944,8.314867000376909,0.11443373685389062
streamflow,03284525,0.3056706977024766,0.2104398274629991,2.0821606932023373,0.24817573706819393
streamflow,03357350,0.31628140404085553,0.16365381754135772,1.4050870246775424,0.23068480586933368
streamflow,03301900,0.3641464446966351,0.10373051245355594,2.3067422912643423,0.10746629757960387
streamflow,03260100,0.5082448751832132,0.12551857499478872,1.8147775405967692,0.08746904320922355
streamflow,03337000,0.12355492205368801,0.13327542998826308,0.1381928816605297,0.1215519729375862
streamflow,03337100,0.14957191972845593,0.16708277149445888,0.24203607690784432,0.1483940205079441
streamflow,03298135,0.435948407623606,0.063254779841954,2.300554988201923,0.05818285377871239
streamflow,03049800,0.15642850101025393,0.10904355439566345,1.361108199155599,0.2294484959861564
streamflow,03298300,0.33761873085733746,0.09771511355627023,3.0769540560389723,0.08319807328666451
streamflow,03353120,0.2518369717777478,0.07201779696871372,1.4498416861149908,0.10216695106243923
streamflow,03026500,0.14704215845557753,0.10922734775518941,1.128299765429298,0.25184424901331487
streamflow,03298550,0.2962480633795693,0.17168748479774598,2.443926145040832,0.1269030636047748
streamflow,03274650,0.23717939970750085,0.11824244978685225,2.357523785953583,0.10840829403908145
streamflow,03298150,0.4179671154635607,0.10240071611761986,2.4527217479822054,0.04715104828004313
streamflow,03431300,0.24542458473481749,0.16224769670217754,1.1756635280884729,0.1322673086439331
streamflow,03611260,0.35244617727812,0.22201807496127848,1.4172575747886071,0.13547679294803533
streamflow,03353620,0.3131563103383549,0.09736140303857761,2.258169474579239,0.14463290265925327
streamflow,03351310,0.18920668608252375,0.11232342075749288,2.056812755762235,0.20513888533447605
streamflow,03293000,0.32615606321587565,0.07359677382496195,3.1677804787331154,0.07782905823221449
streamflow,03302680,0.2922085770200804,0.262691455891389,2.403074813184039,0.3143878335634064
streamflow,03289000,0.1699218957977561,0.08369190653724115,2.178014943975035,0.14253897637098165
streamflow,03262001,0.3416154755424451,0.08373846485324121,3.344723636047334,0.10297394256480388
streamflow,03431700,0.1818904081876648,0.10245561621181598,1.1298830779574893,0.12159680246827312
streamflow,03353600,0.20951700527410247,0.06666742512702814,2.1997185016104384,0.08877790831817205
streamflow,03140000,0.202928367509331,0.1546673432160278,1.4395318075377375,0.25797625738038327
streamflow,03291780,0.33161069985231917,0.1621942138831743,2.673623559332067,0.1271784349521626
streamflow,03289200,0.30368043931733746,0.14805535394271696,3.1063069948981195,0.12081405557054044
streamflow,03254550,0.2880565843940952,0.10908161844322432,3.161997702686584,0.12758238353316811
streamflow,03213500,0.16326683987589707,0.15617530391331227,1.1358667595367071,0.20456572335474554
streamflow,03339280,0.1733506549710076,0.11513102706570848,2.275526062519743,0.0837153490145373
streamflow,03230450,0.1777653603905196,0.12171240425288359,2.17641608305262,0.1270765571890648
streamflow,03266560,0.1647354553697618,0.11984453873343696,2.197435648530815,0.22535777011309147
streamflow,03277075,0.3419945179196212,0.06725274217313809,3.355786245816938,0.033460094545467035
streamflow,03223425,0.18345813359038873,0.14906907839414663,2.260818007109118,0.13292576920668964
streamflow,03011800,0.17761703729486195,0.12045735092554855,1.144731722118999,0.22182565188166095
streamflow,03238745,0.3249034149951643,0.1438568438765487,4.083626261251434,0.14502554179096824
streamflow,03260706,0.15008037563999924,0.12142062260867212,2.1350304363479915,0.20190187267525647
streamflow,03384450,0.4092501717414413,0.21454877203679212,2.2987442800950455,0.12478047059781563
streamflow,03177710,0.14116636688902856,0.15310732122086038,0.42122470718256644,0.18804686537334242
streamflow,03076600,0.17682350793384302,0.11985634965980645,1.2596070933517765,0.18498020558154155
streamflow,03330241,0.15442066593599116,0.15248278016710537,2.2562359831807357,1.4270014099899675
streamflow,03350700,0.1487786112412711,0.11545635869101616,2.966155529869436,0.17389136448827122
streamflow,03431599,0.187962526310772,0.1570305474404967,1.132944436548485,0.14675538504239544
streamflow,03106300,0.10608332255584522,0.11050094630610201,1.457869331505662,0.4697275439934641
streamflow,03185000,0.14931703305314342,0.1330186567423521,1.1459942191541077,0.2368008944942515
streamflow,03244936,0.36394730597562736,0.18462462592575832,3.2307207192015723,0.19318962144229787
streamflow,03210000,0.1296689705351365,0.1535421524196663,1.1525812014499448,0.20259416384845386
streamflow,03042280,0.15681331394510314,0.1294058724423494,1.2425557577634958,0.23198481342045377
streamflow,03067510,0.28487399821103865,0.19411246800104018,1.257529286597706,0.14502370890696642
streamflow,03280700,0.13851329275885696,0.13233999837406094,1.1833756903617656,0.16791966907832434
streamflow,03062500,0.09589362179356176,0.07880967954502625,1.345532505739242,0.12014398511440852
streamflow,03241500,0.14635429917837603,0.10504524513268301,1.5284982403655265,0.11670252470488256
streamflow,03302000,0.28396461510852367,0.09643365677906963,3.2881025188936723,0.12730071172701898
streamflow,03078000,0.17657075518017454,0.12082955517333899,1.2668391177272056,0.10233413687109434
streamflow,03228750,0.2226193930222621,0.12294112940825956,2.3085202899147057,0.1233891023900358
streamflow,03302220,0.21101701747858856,0.08386216800286375,3.2645847616553523,0.07877823299995187
streamflow,03277300,0.10076888880191731,0.09786678820031885,1.0720350649264705,0.11094887968332509
streamflow,03208950,0.1015019118646567,0.104562605372211,1.0407446652385546,0.1733307870520011
streamflow,03271000,0.2467529328567707,0.11403266886333357,3.1798589533535337,0.149480676115242
streamflow,03272700,0.23665079957034152,0.10791877209469898,2.457931551085485,0.09627966540977048
streamflow,03141870,0.12961972799835092,0.11088558421967484,1.3814677973804614,0.1382868080211481
streamflow,03074500,0.1326617982805487,0.10000832753867973,1.9794303824069472,0.9323401721294504
streamflow,03149500,0.13583402623945895,0.12426767635674733,2.141948080601373,0.25837013204717
streamflow,03361850,0.18616640075282098,0.08800216418802095,2.358501872243008,0.15363926396493638
alpha_level,0.85,7.13412167135902,6.106657010195658,4.237741957662112,0.29811994256197655
alpha_level,0.95,7.13412167135902,6.010014294541682,4.237741957662112,0.3306791836188643
alpha_level,0.9994,7.13412167135902,1.0815889971540247,4.237741957662112,0.0627747285611574
