gauge,drain_area_km2,hill_alpha
03284525,2.5,1.812
03357350,7.8,1.218
03301900,9.1,1.500
03260100,10.4,1.424
03337000,11.6,1.818
03337100,12.4,1.857
03298135,14.2,1.577
03049800,15.0,1.843
03298300,16.6,1.467
03353120,19.6,1.383
03026500,20.3,2.310
03298550,20.5,1.390
03274650,26.9,1.430
03298150,30.0,1.453
03431300,30.6,1.668
03611260,37.8,1.156
03353620,40.4,1.401
03351310,46.4,1.530
03293000,49.0,1.478
03302680,49.2,1.529
03289000,62.2,2.037
03262001,62.7,1.342
03431700,62.9,1.659
03353600,62.9,1.780
03140000,70.4,1.348
03291780,71.2,1.367
03289200,77.7,2.303
03254550,77.7,1.528
03213500,80.3,1.545
03339280,86.0,1.546
03230450,92.7,1.790
03266560,94.8,1.801
03277075,94.8,1.491
03223425,98.2,1.695
03011800,100.5,2.642
03238745,101.0,1.281
03260706,104.6,1.831
03384450,111.1,1.052
03177710,114.7,2.223
03076600,126.7,2.133
03330241,127.7,2.922
03350700,131.6,1.664
03431599,132.9,1.421
03106300,133.4,3.339
03185000,136.5,1.801
03244936,141.2,1.315
03210000,145.8,1.745
03042280,148.7,2.237
03067510,155.7,2.031
03280700,158.8,1.725
03062500,163.2,2.755
03241500,163.7,1.738
03302000,165.8,1.632
03078000,166.3,2.211
03228750,168.1,1.428
03302220,168.9,1.680
03277300,172.0,1.974
03208950,172.2,1.832
03271000,177.9,1.322
03272700,178.7,1.437
03141870,180.0,1.729
03074500,190.9,2.240
03149500,196.1,1.515
03361850,204.1,1.752
