target,tedm_nu,reported,joint_l1,joint_tail,marginal_mean_l1,marginal_mean_tail
student_t_nu1.0,3,yes,6.278143332709524,0.2937672341406976,3.7294346437275285,0.21507019219749007
student_t_nu1.0,5,no,5.026874487926366,0.27074657969117244,3.264507129075869,0.23652785750291716
student_t_nu1.0,7,no,4.9921675056486166,0.2785969059323093,3.0744054086621784,0.24203911136704542
student_t_nu1.2,3,yes,0.872380178069572,0.13692962012531543,0.6139143764343227,0.14002256743356248
student_t_nu1.2,5,no,2.1432329715721696,0.4188730063660723,1.3334699427797008,0.4035027750324548
student_t_nu1.2,7,no,1.5044155716736993,0.2756867602437706,0.9649920356667319,0.276915958497789
student_t_nu1.5,3,yes,0.3712924065565375,0.08561046210111836,0.26401489835741865,0.11088679932545376
student_t_nu1.5,5,no,0.7865958837217731,0.371161840635546,0.4953922781154251,0.3649847401616656
student_t_nu1.5,7,no,0.6283409957110696,0.24347044203357485,0.40967546430815216,0.24511801437952224
student_t_nu1.8,3,no,0.23922620448618503,0.1140259512372221,0.17010386183387127,0.10915181355771982
student_t_nu1.8,5,no,0.2854247366470843,0.19152474438772546,0.1891910784600903,0.15633464495324928
student_t_nu1.8,7,yes,0.21995282562437007,0.10731971483560451,0.13926279862953986,0.09516491313820989
ff25,3,yes,2.059400686954212,1.1614666226830004,0.4447972598252783,0.48542501500364355
ff25,5,no,3.996858781834413,1.5422011036564216,0.8084172241994169,1.130607885231005
ff25,7,no,5.1942984755473205,0.8554724798156554,1.0948244712261432,0.8361449956753441
streamflow,3,no,3.2244220076411207,0.7504042950547781,0.2572483707507633,0.5655676011040034
streamflow,5,yes,2.4654457625712323,0.5242507527688576,0.20315532594534025,0.3609375519587314
streamflow,7,no,3.1709743229605865,0.7684675331032038,0.2633144247126932,0.5778972213884737
