marginal,id,pre_l1,pre_tail,ft_l1,ft_tail
0,03284525,0.3056706977024766,2.0821606932023373,0.2104398274629991,0.24817573706819393
1,03357350,0.31628140404085553,1.4050870246775424,0.16365381754135772,0.23068480586933368
2,03301900,0.3641464446966351,2.3067422912643423,0.10373051245355594,0.10746629757960387
3,03260100,0.5082448751832132,1.8147775405967692,0.12551857499478872,0.08746904320922355
4,03337000,0.12355492205368801,0.1381928816605297,0.13327542998826308,0.1215519729375862
5,03337100,0.14957191972845593,0.24203607690784432,0.16708277149445888,0.1483940205079441
6,03298135,0.435948407623606,2.300554988201923,0.063254779841954,0.05818285377871239
7,03049800,0.15642850101025393,1.361108199155599,0.10904355439566345,0.2294484959861564
8,03298300,0.33761873085733746,3.0769540560389723,0.09771511355627023,0.08319807328666451
9,03353120,0.2518369717777478,1.4498416861149908,0.07201779696871372,0.10216695106243923
10,03026500,0.14704215845557753,1.128299765429298,0.10922734775518941,0.25184424901331487
11,03298550,0.2962480633795693,2.443926145040832,0.17168748479774598,0.1269030636047748
12,03274650,0.23717939970750085,2.357523785953583,0.11824244978685225,0.10840829403908145
13,03298150,0.4179671154635607,2.4527217479822054,0.10240071611761986,0.04715104828004313
14,03431300,0.24542458473481749,1.1756635280884729,0.16224769670217754,0.1322673086439331
15,03611260,0.35244617727812,1.4172575747886071,0.22201807496127848,0.13547679294803533
16,03353620,0.3131563103383549,2.258169474579239,0.09736140303857761,0.14463290265925327
17,03351310,0.18920668608252375,2.056812755762235,0.11232342075749288,0.20513888533447605
18,03293000,0.32615606321587565,3.1677804787331154,0.07359677382496195,0.07782905823221449
19,03302680,0.2922085770200804,2.403074813184039,0.262691455891389,0.3143878335634064
20,03289000,0.1699218957977561,2.178014943975035,0.08369190653724115,0.14253897637098165
21,03262001,0.3416154755424451,3.344723636047334,0.08373846485324121,0.10297394256480388
22,03431700,0.1818904081876648,1.1298830779574893,0.10245561621181598,0.12159680246827312
23,03353600,0.20951700527410247,2.1997185016104384,0.06666742512702814,0.08877790831817205
24,03140000,0.202928367509331,1.4395318075377375,0.1546673432160278,0.25797625738038327
25,03291780,0.33161069985231917,2.673623559332067,0.1621942138831743,0.1271784349521626
26,03289200,0.30368043931733746,3.1063069948981195,0.14805535394271696,0.12081405557054044
27,03254550,0.2880565843940952,3.161997702686584,0.10908161844322432,0.12758238353316811
28,03213500,0.16326683987589707,1.1358667595367071,0.15617530391331227,0.20456572335474554
29,03339280,0.1733506549710076,2.275526062519743,0.11513102706570848,0.0837153490145373
30,03230450,0.1777653603905196,2.17641608305262,0.12171240425288359,0.1270765571890648
31,03266560,0.1647354553697618,2.197435648530815,0.11984453873343696,0.22535777011309147
32,03277075,0.3419945179196212,3.355786245816938,0.06725274217313809,0.033460094545467035
33,03223425,0.18345813359038873,2.260818007109118,0.14906907839414663,0.13292576920668964
34,03011800,0.17761703729486195,1.144731722118999,0.12045735092554855,0.22182565188166095
35,03238745,0.3249034149951643,4.083626261251434,0.1438568438765487,0.14502554179096824
36,03260706,0.15008037563999924,2.1350304363479915,0.12142062260867212,0.20190187267525647
37,03384450,0.4092501717414413,2.2987442800950455,0.21454877203679212,0.12478047059781563
38,03177710,0.14116636688902856,0.42122470718256644,0.15310732122086038,0.18804686537334242
39,03076600,0.17682350793384302,1.2596070933517765,0.11985634965980645,0.18498020558154155
40,03330241,0.15442066593599116,2.2562359831807357,0.15248278016710537,1.4270014099899675
41,03350700,0.1487786112412711,2.966155529869436,0.11545635869101616,0.17389136448827122
42,03431599,0.187962526310772,1.132944436548485,0.1570305474404967,0.14675538504239544
43,03106300,0.10608332255584522,1.457869331505662,0.11050094630610201,0.4697275439934641
44,03185000,0.14931703305314342,1.1459942191541077,0.1330186567423521,0.2368008944942515
45,03244936,0.36394730597562736,3.2307207192015723,0.18462462592575832,0.19318962144229787
46,03210000,0.1296689705351365,1.1525812014499448,0.1535421524196663,0.20259416384845386
47,03042280,0.15681331394510314,1.2425557577634958,0.1294058724423494,0.23198481342045377
48,03067510,0.28487399821103865,1.257529286597706,0.19411246800104018,0.14502370890696642
49,03280700,0.13851329275885696,1.1833756903617656,0.13233999837406094,0.16791966907832434
50,03062500,0.09589362179356176,1.345532505739242,0.07880967954502625,0.12014398511440852
51,03241500,0.14635429917837603,1.5284982403655265,0.10504524513268301,0.11670252470488256
52,03302000,0.28396461510852367,3.2881025188936723,0.09643365677906963,0.12730071172701898
53,03078000,0.17657075518017454,1.2668391177272056,0.12082955517333899,0.10233413687109434
54,03228750,0.2226193930222621,2.3085202899147057,0.12294112940825956,0.1233891023900358
55,03302220,0.21101701747858856,3.2645847616553523,0.08386216800286375,0.07877823299995187
56,03277300,0.10076888880191731,1.0720350649264705,0.09786678820031885,0.11094887968332509
57,03208950,0.1015019118646567,1.0407446652385546,0.104562605372211,0.1733307870520011
58,03271000,0.2467529328567707,3.1798589533535337,0.11403266886333357,0.149480676115242
59,03272700,0.23665079957034152,2.457931551085485,0.10791877209469898,0.09627966540977048
60,03141870,0.12961972799835092,1.3814677973804614,0.11088558421967484,0.1382868080211481
61,03074500,0.1326617982805487,1.9794303824069472,0.10000832753867973,0.9323401721294504
62,03149500,0.13583402623945895,2.141948080601373,0.12426767635674733,0.25837013204717
63,03361850,0.18616640075282098,2.358501872243008,0.08800216418802095,0.15363926396493638
